{
    "header": [
        " *   ",
        " *   如非需要调试，本文件可删除",
        " *   非专业人员可将本文件删除",
        " *   详细介绍请参考: https://bazhan.wang/faq#INFO-JSON",
        " *   "
    ],
    "resources": [
        {
            "url": "http://m2.zdsju.com/",
            "path": "index.html",
            "saved": true,
            "size": 106544,
            "children": [
                {
                    "url": "http://m2.zdsju.com/themes/web/ZdsjuM2/style/image/tc1.jpg",
                    "path": "img/tc1.jpeg",
                    "saved": true,
                    "size": 0,
                    "children": []
                },
                {
                    "url": "http://m2.zdsju.com/themes/web/ZdsjuM2/style/image/tc2.jpg",
                    "path": "img/tc2.jpeg",
                    "saved": true,
                    "size": 0,
                    "children": []
                },
                {
                    "url": "http://m2.zdsju.com/themes/web/ZdsjuM2/style/image/tc3.jpg",
                    "path": "img/tc3.jpeg",
                    "saved": true,
                    "size": 0,
                    "children": []
                },
                {
                    "url": "http://m2.zdsju.com/themes/web/ZdsjuM2/style/image/nav-bg.jpg",
                    "path": "img/nav-bg.jpeg",
                    "saved": true,
                    "size": 0,
                    "children": []
                },
                {
                    "url": "http://m2.zdsju.com/themes/web/ZdsjuM2/style/image/product_puhui.svg",
                    "path": "img/product_puhui.svg",
                    "saved": true,
                    "size": 0,
                    "children": []
                },
                {
                    "url": "http://m2.zdsju.com/themes/web/ZdsjuM2/style/image/product_quanqiu.svg",
                    "path": "img/product_quanqiu.svg",
                    "saved": true,
                    "size": 0,
                    "children": []
                },
                {
                    "url": "http://m2.zdsju.com/themes/web/ZdsjuM2/style/image/product-huoyun.svg",
                    "path": "img/product-huoyun.svg",
                    "saved": true,
                    "size": 0,
                    "children": []
                },
                {
                    "url": "http://m2.zdsju.com/upload/banner/2022-01/20/164261646255918.jpg",
                    "path": "img/164261646255918.jpeg",
                    "saved": true,
                    "size": 0,
                    "children": []
                },
                {
                    "url": "http://m2.zdsju.com/themes/web/ZdsjuM2/style/image/map.png",
                    "path": "img/map.png",
                    "saved": true,
                    "size": 0,
                    "children": []
                },
                {
                    "url": "http://m2.zdsju.com/themes/web/ZdsjuM2/style/image/red-phone.svg",
                    "path": "img/red-phone.svg",
                    "saved": true,
                    "size": 0,
                    "children": []
                },
                {
                    "url": "http://m2.zdsju.com/upload/banner/2022-01/06/164144356083084.jpg",
                    "path": "img/164144356083084.jpeg",
                    "saved": true,
                    "size": 0,
                    "children": []
                },
                {
                    "url": "https://api.pwmqr.com/qrcode/create/?url=http://m2.zdsju.com",
                    "path": "img/create.png",
                    "saved": true,
                    "size": 0,
                    "children": []
                },
                {
                    "url": "https://api.pwmqr.com/qrcode/create/?url=http://m2.zdsju.com/app",
                    "path": "img/create_1.png",
                    "saved": true,
                    "size": 0,
                    "children": []
                },
                {
                    "url": "http://m2.zdsju.com/upload/banner/2022-02/27/164595525369449.png",
                    "path": "img/164595525369449.png",
                    "saved": true,
                    "size": 0,
                    "children": []
                },
                {
                    "url": "http://m2.zdsju.com/upload/banner/2022-04/07/164930084198237.png",
                    "path": "img/164930084198237.png",
                    "saved": true,
                    "size": 0,
                    "children": []
                },
                {
                    "url": "http://m2.zdsju.com/upload/banner/2022-04/07/164930083943676.png",
                    "path": "img/164930083943676.png",
                    "saved": true,
                    "size": 0,
                    "children": []
                },
                {
                    "url": "http://m2.zdsju.com/themes/web/ZdsjuM2/style/js/jquery-1.12.4.min.js",
                    "path": "js/jquery-1.12.4.min.js",
                    "saved": true,
                    "size": 97168,
                    "children": []
                },
                {
                    "url": "http://m2.zdsju.com/themes/web/ZdsjuM2/style/js/common.js",
                    "path": "js/common.js",
                    "saved": true,
                    "size": 0,
                    "children": []
                },
                {
                    "url": "http://m2.zdsju.com/themes/web/ZdsjuM2/style/js/swiper-3.4.2.jquery.min.js",
                    "path": "js/swiper-3.4.2.jquery.min.js",
                    "saved": true,
                    "size": 86573,
                    "children": []
                },
                {
                    "url": "http://m2.zdsju.com/themes/web/ZdsjuM2/style/js/index.js",
                    "path": "js/index.js",
                    "saved": true,
                    "size": 0,
                    "children": []
                },
                {
                    "url": "http://m2.zdsju.com/themes/web/ZdsjuM2/style/css/global.css",
                    "path": "css/global.css",
                    "saved": true,
                    "size": 107431,
                    "children": [
                        {
                            "url": "http://m2.zdsju.com/themes/web/ZdsjuM2/style/image/icons-universal.png",
                            "saved": false
                        },
                        {
                            "url": "http://m2.zdsju.com/themes/web/ZdsjuM2/style/image/video_play.png",
                            "saved": false
                        },
                        {
                            "url": "http://m2.zdsju.com/themes/web/ZdsjuM2/style/image/photoIcon.gif",
                            "saved": false
                        },
                        {
                            "url": "http://m2.zdsju.com/themes/web/ZdsjuM2/style/image/icon-compatibility.png",
                            "saved": false
                        },
                        {
                            "url": "http://m2.zdsju.com/themes/web/ZdsjuM2/style/image/headMenu.png",
                            "saved": false
                        },
                        {
                            "url": "http://m2.zdsju.com/themes/web/ZdsjuM2/style/image/logo1.png",
                            "saved": false
                        },
                        {
                            "url": "http://m2.zdsju.com/themes/web/ZdsjuM2/style/image/sale.png",
                            "saved": false
                        },
                        {
                            "url": "http://m2.zdsju.com/themes/web/ZdsjuM2/style/image/new.svg",
                            "saved": false
                        },
                        {
                            "url": "http://m2.zdsju.com/themes/web/ZdsjuM2/style/image/new.png",
                            "saved": false
                        },
                        {
                            "url": "http://m2.zdsju.com/themes/web/ZdsjuM2/style/image/lang.png",
                            "saved": false
                        },
                        {
                            "url": "http://m2.zdsju.com/themes/web/ZdsjuM2/style/image/lang-on.png",
                            "saved": false
                        },
                        {
                            "url": "http://m2.zdsju.com/themes/web/ZdsjuM2/style/image/logo-mb.png",
                            "saved": false
                        },
                        {
                            "url": "http://m2.zdsju.com/themes/web/ZdsjuM2/style/image/close.png",
                            "saved": false
                        },
                        {
                            "url": "http://m2.zdsju.com/themes/web/ZdsjuM2/style/image/login.png",
                            "saved": false
                        },
                        {
                            "url": "http://m2.zdsju.com/themes/web/ZdsjuM2/style/image/float-dialog-icon.png",
                            "path": "img/float-dialog-icon.png",
                            "saved": true,
                            "size": 0,
                            "children": []
                        },
                        {
                            "url": "http://m2.zdsju.com/themes/web/ZdsjuM2/style/image/icons-services.png",
                            "saved": false
                        },
                        {
                            "url": "http://m2.zdsju.com/themes/web/ZdsjuM2/style/image/icons-services-mb.png",
                            "saved": false
                        },
                        {
                            "url": "http://m2.zdsju.com/themes/web/ZdsjuM2/style/image/register-v3.jpg",
                            "saved": false
                        },
                        {
                            "url": "http://m2.zdsju.com/themes/web/ZdsjuM2/style/image/register-mb-v3.jpg",
                            "saved": false
                        },
                        {
                            "url": "http://m2.zdsju.com/themes/web/ZdsjuM2/style/image/blank-bg.png",
                            "saved": false
                        },
                        {
                            "url": "http://m2.zdsju.com/themes/web/ZdsjuM2/style/image/pagination-sprite.png",
                            "path": "img/pagination-sprite.png",
                            "saved": true,
                            "size": 0,
                            "children": []
                        },
                        {
                            "url": "http://m2.zdsju.com/themes/web/ZdsjuM2/style/image/kunpeng-1180.jpg",
                            "saved": false
                        },
                        {
                            "url": "http://m2.zdsju.com/themes/web/ZdsjuM2/style/image/kunpeng-744.jpg",
                            "saved": false
                        },
                        {
                            "url": "http://m2.zdsju.com/themes/web/ZdsjuM2/style/image/kunpeng-mb.png",
                            "saved": false
                        },
                        {
                            "url": "http://m2.zdsju.com/themes/web/ZdsjuM2/style/image/kunpeng-live-1180.jpg",
                            "saved": false
                        },
                        {
                            "url": "http://m2.zdsju.com/themes/web/ZdsjuM2/style/image/kunpeng-live-744.jpg",
                            "saved": false
                        },
                        {
                            "url": "http://m2.zdsju.com/themes/web/ZdsjuM2/style/image/kunpeng-live-mb.png",
                            "saved": false
                        },
                        {
                            "url": "http://m2.zdsju.com/themes/web/ZdsjuM2/style/image/shengteng-1180.jpg",
                            "saved": false
                        },
                        {
                            "url": "http://m2.zdsju.com/themes/web/ZdsjuM2/style/image/shengteng-744.jpg",
                            "saved": false
                        },
                        {
                            "url": "http://m2.zdsju.com/themes/web/ZdsjuM2/style/image/shengteng-mb.png",
                            "saved": false
                        },
                        {
                            "url": "http://m2.zdsju.com/themes/web/ZdsjuM2/style/image/shengteng-live-1180.jpg",
                            "saved": false
                        },
                        {
                            "url": "http://m2.zdsju.com/themes/web/ZdsjuM2/style/image/shengteng-live-744.jpg",
                            "saved": false
                        },
                        {
                            "url": "http://m2.zdsju.com/themes/web/ZdsjuM2/style/image/shengteng-live-mb.png",
                            "saved": false
                        },
                        {
                            "url": "http://m2.zdsju.com/themes/web/ZdsjuM2/style/image/showroom-1180.jpg",
                            "saved": false
                        },
                        {
                            "url": "http://m2.zdsju.com/themes/web/ZdsjuM2/style/image/showroom-744.jpg",
                            "saved": false
                        },
                        {
                            "url": "http://m2.zdsju.com/themes/web/ZdsjuM2/style/image/showroom-mb.png",
                            "saved": false
                        },
                        {
                            "url": "http://m2.zdsju.com/themes/web/ZdsjuM2/style/image/salon-1180.jpg",
                            "saved": false
                        },
                        {
                            "url": "http://m2.zdsju.com/themes/web/ZdsjuM2/style/image/salon-744.jpg",
                            "saved": false
                        },
                        {
                            "url": "http://m2.zdsju.com/themes/web/ZdsjuM2/style/image/salon-mb.png",
                            "saved": false
                        },
                        {
                            "url": "http://m2.zdsju.com/themes/web/ZdsjuM2/style/image/icon_erweima.svg",
                            "saved": false
                        },
                        {
                            "url": "http://m2.zdsju.com/themes/web/ZdsjuM2/style/image/1620898421515080765.svg",
                            "saved": false
                        },
                        {
                            "url": "http://m2.zdsju.com/themes/web/ZdsjuM2/style/image/1620898421526028574.svg",
                            "saved": false
                        },
                        {
                            "url": "http://m2.zdsju.com/themes/web/ZdsjuM2/style/image/smile.svg",
                            "saved": false
                        },
                        {
                            "url": "http://m2.zdsju.com/themes/web/ZdsjuM2/style/image/1620789184022004391.svg",
                            "saved": false
                        },
                        {
                            "url": "http://m2.zdsju.com/themes/web/ZdsjuM2/style/image/1620789184054090808.svg",
                            "saved": false
                        },
                        {
                            "url": "http://m2.zdsju.com/themes/web/ZdsjuM2/style/image/1621927244868051712.svg",
                            "saved": false
                        },
                        {
                            "url": "http://m2.zdsju.com/themes/web/ZdsjuM2/style/image/1623032976308066910.svg",
                            "saved": false
                        },
                        {
                            "url": "http://m2.zdsju.com/themes/web/ZdsjuM2/style/image/1621933801153045482.svg",
                            "saved": false
                        },
                        {
                            "url": "http://m2.zdsju.com/themes/web/ZdsjuM2/style/image/1620637641352024415.svg",
                            "saved": false
                        }
                    ]
                },
                {
                    "url": "http://m2.zdsju.com/themes/web/ZdsjuM2/style/css/header.css",
                    "path": "css/header.css",
                    "saved": true,
                    "size": 154263,
                    "children": [
                        {
                            "url": "http://m2.zdsju.com/themes/web/ZdsjuM2/style/image/lansou.svg",
                            "path": "img/lansou.svg",
                            "saved": true,
                            "size": 0,
                            "children": []
                        },
                        {
                            "url": "http://m2.zdsju.com/themes/web/ZdsjuM2/style/image/hongx.svg",
                            "path": "img/hongx.svg",
                            "saved": true,
                            "size": 0,
                            "children": []
                        },
                        {
                            "url": "http://m2.zdsju.com/themes/web/ZdsjuM2/style/image/xlsou.svg",
                            "path": "img/xlsou.svg",
                            "saved": true,
                            "size": 0,
                            "children": []
                        },
                        {
                            "url": "http://m2.zdsju.com/themes/web/ZdsjuM2/style/image/header-search.png",
                            "saved": false
                        },
                        {
                            "url": "http://m2.zdsju.com/themes/web/ZdsjuM2/style/image/phone.svg",
                            "path": "img/phone.svg",
                            "saved": true,
                            "size": 0,
                            "children": []
                        },
                        {
                            "url": "http://m2.zdsju.com/themes/web/ZdsjuM2/style/image/trust.svg",
                            "saved": false
                        },
                        {
                            "url": "http://m2.zdsju.com/themes/web/ZdsjuM2/style/image/safety.svg",
                            "saved": false
                        },
                        {
                            "url": "http://m2.zdsju.com/themes/web/ZdsjuM2/style/image/i_bottom.png",
                            "saved": false
                        },
                        {
                            "url": "http://m2.zdsju.com/themes/web/ZdsjuM2/style/image/foot_erm.png",
                            "path": "img/foot_erm.png",
                            "saved": true,
                            "size": 0,
                            "children": []
                        },
                        {
                            "url": "http://m2.zdsju.com/themes/web/ZdsjuM2/style/image/foot_ren.png",
                            "path": "img/foot_ren.png",
                            "saved": true,
                            "size": 0,
                            "children": []
                        },
                        {
                            "url": "http://m2.zdsju.com/themes/web/ZdsjuM2/style/image/i_bottom_close.png",
                            "path": "img/i_bottom_close.png",
                            "saved": true,
                            "size": 0,
                            "children": []
                        }
                    ]
                },
                {
                    "url": "http://m2.zdsju.com/themes/web/ZdsjuM2/style/css/index.css",
                    "path": "css/index.css",
                    "saved": true,
                    "size": 171343,
                    "children": [
                        {
                            "url": "http://m2.zdsju.com/themes/web/ZdsjuM2/style/font/por-icon.eot",
                            "saved": false
                        },
                        {
                            "url": "http://m2.zdsju.com/themes/web/ZdsjuM2/style/font/por-icon.woff2",
                            "path": "fonts/por-icon.woff2",
                            "saved": true,
                            "size": 0,
                            "children": []
                        },
                        {
                            "url": "http://m2.zdsju.com/themes/web/ZdsjuM2/style/font/por-icon.woff",
                            "saved": false
                        },
                        {
                            "url": "http://m2.zdsju.com/themes/web/ZdsjuM2/style/font/por-icon.ttf",
                            "saved": false
                        },
                        {
                            "url": "https://res.hc-cdn.com/cnpm-baseui/2.8.8/iconfont/fonts/por-icon/por-icon.svg",
                            "path": "img/por-icon.svg",
                            "saved": true,
                            "size": 0,
                            "children": []
                        },
                        {
                            "url": "http://m2.zdsju.com/themes/web/ZdsjuM2/style/image/tubiao.png",
                            "saved": false
                        },
                        {
                            "url": "http://m2.zdsju.com/themes/web/ZdsjuM2/style/image/guanbi.png",
                            "saved": false
                        },
                        {
                            "url": "http://m2.zdsju.com/themes/web/ZdsjuM2/style/image/error.png",
                            "saved": false
                        },
                        {
                            "url": "http://m2.zdsju.com/themes/web/ZdsjuM2/style/image/warn.png",
                            "saved": false
                        },
                        {
                            "url": "http://m2.zdsju.com/themes/web/ZdsjuM2/style/image/5.png",
                            "saved": false
                        },
                        {
                            "url": "http://m2.zdsju.com/themes/web/ZdsjuM2/style/image/product-v6-experience-icon1.png",
                            "saved": false
                        },
                        {
                            "url": "http://m2.zdsju.com/themes/web/ZdsjuM2/style/image/product-v6-experience-icon2.png",
                            "saved": false
                        },
                        {
                            "url": "http://m2.zdsju.com/themes/web/ZdsjuM2/style/image/product-v6-experience-icon3.png",
                            "saved": false
                        },
                        {
                            "url": "http://m2.zdsju.com/themes/web/ZdsjuM2/style/image/product-v6-experience-icon4.png",
                            "saved": false
                        },
                        {
                            "url": "http://m2.zdsju.com/themes/web/ZdsjuM2/style/image/experience-icon5.png",
                            "saved": false
                        },
                        {
                            "url": "http://m2.zdsju.com/themes/web/ZdsjuM2/style/image/experience-icon6.png",
                            "saved": false
                        },
                        {
                            "url": "http://m2.zdsju.com/themes/web/ZdsjuM2/style/image/iconNum-pc-white.png",
                            "saved": false
                        },
                        {
                            "url": "http://m2.zdsju.com/themes/web/ZdsjuM2/style/image/experience-icon1-grey.png",
                            "saved": false
                        },
                        {
                            "url": "http://m2.zdsju.com/themes/web/ZdsjuM2/style/image/experience-icon2-grey.png",
                            "saved": false
                        },
                        {
                            "url": "http://m2.zdsju.com/themes/web/ZdsjuM2/style/image/experience-icon3-grey.png",
                            "saved": false
                        }
                    ]
                },
                {
                    "url": "http://m2.zdsju.com/themes/web/ZdsjuM2/style/css/swiper-3.4.2.min.css",
                    "path": "css/swiper-3.4.2.min.css",
                    "saved": true,
                    "size": 17773,
                    "children": []
                },
                {
                    "url": "http://m2.zdsju.com/themes/web/ZdsjuM2/style/css/mindex.css",
                    "path": "css/mindex.css",
                    "saved": true,
                    "size": 85867,
                    "children": [
                        {
                            "url": "http://m2.zdsju.com/themes/web/ZdsjuM2/style/image/productBg.jpg",
                            "saved": false
                        },
                        {
                            "url": "http://m2.zdsju.com/themes/web/ZdsjuM2/style/image/checked.svg",
                            "path": "img/checked.svg",
                            "saved": true,
                            "size": 0,
                            "children": []
                        },
                        {
                            "url": "http://m2.zdsju.com/themes/web/ZdsjuM2/style/image/blue.svg",
                            "path": "img/blue.svg",
                            "saved": true,
                            "size": 0,
                            "children": []
                        },
                        {
                            "url": "http://m2.zdsju.com/themes/web/ZdsjuM2/style/image/orange.svg",
                            "saved": false
                        },
                        {
                            "url": "http://m2.zdsju.com/themes/web/ZdsjuM2/style/image/shadow.png",
                            "path": "img/shadow.png",
                            "saved": true,
                            "size": 0,
                            "children": []
                        },
                        {
                            "url": "http://m2.zdsju.com/themes/web/ZdsjuM2/style/image/shadow2.png",
                            "path": "img/shadow2.png",
                            "saved": true,
                            "size": 0,
                            "children": []
                        },
                        {
                            "url": "http://m2.zdsju.com/themes/web/ZdsjuM2/style/image/618.png",
                            "saved": false
                        },
                        {
                            "url": "http://m2.zdsju.com/themes/web/ZdsjuM2/style/image/618hover.png",
                            "saved": false
                        }
                    ]
                },
                {
                    "url": "http://m2.zdsju.com/themes/web/ZdsjuM2/style/css/main.css",
                    "path": "css/main.css",
                    "saved": true,
                    "size": 123949,
                    "children": [
                        {
                            "url": "http://m2.zdsju.com/themes/web/ZdsjuM2/images/ZdsjuX/main.svg",
                            "saved": false
                        },
                        {
                            "url": "http://m2.zdsju.com/themes/web/ZdsjuM2/images/ZdsjuX/home-developer-bg.png",
                            "saved": false
                        },
                        {
                            "url": "http://m2.zdsju.com/themes/web/ZdsjuM2/images/ZdsjuX/gd.png",
                            "saved": false
                        },
                        {
                            "url": "http://m2.zdsju.com/themes/web/ZdsjuM2/images/ZdsjuX/gd-a.png",
                            "saved": false
                        },
                        {
                            "url": "http://m2.zdsju.com/themes/web/ZdsjuM2/images/ZdsjuX/main-media2.svg",
                            "saved": false
                        },
                        {
                            "url": "http://m2.zdsju.com/themes/web/ZdsjuM2/images/ZdsjuX/bg2-mobile.jpg",
                            "saved": false
                        },
                        {
                            "url": "http://m2.zdsju.com/themes/web/ZdsjuM2/images/ZdsjuX/main-media.svg",
                            "saved": false
                        }
                    ]
                }
            ]
        }
    ],
    "alias": "m2-zdsju-com-w6im1o1u",
    "info": {
        "remark": [],
        "title": "首页 - 指点云",
        "domain": "m2.zdsju.com",
        "origin": "http://m2.zdsju.com",
        "ip": "115.159.217.178",
        "main": "index.html",
        "url": "http://m2.zdsju.com/",
        "totalSize": "951 kB",
        "request": {
            "headers": {
                "accept": "text/html,*/*",
                "accept-language": "zh-CN,zh;q=0.9",
                "cache-control": "no-cache",
                "cookie": "",
                "referer": "http://m2.zdsju.com/",
                "user-agent": "Mozilla/5.0 (Linux; Android 5.0; SM-G900P Build/LRX21T) AppleWebKit/537.36 (KHTML, like Gecko) Chrome/48.0.2564.23 Mobile Safari/537.36",
                "x-scraper-website": "https://bazhan.wang/"
            }
        },
        "response": {
            "responseUrl": "http://m2.zdsju.com/",
            "redirects": [],
            "statusCode": 200,
            "headers": {
                "server": "Tengine",
                "date": "Wed, 07 Sep 2022 07:00:38 GMT",
                "content-type": "text/html; charset=utf-8",
                "transfer-encoding": "chunked",
                "connection": "close",
                "vary": "Accept-Encoding",
                "set-cookie": [
                    "PHPSESSID=874slq1e3fjiilj250c98tijss; expires=Thu, 08-Sep-2022 07:00:38 GMT; Max-Age=86400; path=/; HttpOnly"
                ],
                "expires": "Thu, 19 Nov 1981 08:52:00 GMT",
                "cache-control": "no-store, no-cache, must-revalidate",
                "pragma": "no-cache"
            }
        },
        "time": {
            "start": "2022-09-07T07:00:36.247Z",
            "end": "2022-09-07T07:02:04.116Z"
        }
    },
    "options": {
        "url": "http://m2.zdsju.com/",
        "referer": "",
        "cookies": "",
        "userAgent": "Mozilla/5.0 (Linux; Android 5.0; SM-G900P Build/LRX21T) AppleWebKit/537.36 (KHTML, like Gecko) Chrome/48.0.2564.23 Mobile Safari/537.36",
        "formatter": [],
        "filenameGenerator": "byType"
    }
}